Aji Limo,lorem ipsum,https://picsum.photos/seed/lop/300/300
Anaheim,lorem ipsum,https://picsum.photos/seed/lop/300/300
Apocalypse Scorpion,lorem ipsum,https://picsum.photos/seed/lop/300/300
Bell,lorem ipsum,https://picsum.photos/seed/lop/300/300
Bhut Jolokia,lorem ipsum,https://picsum.photos/seed/lop/300/300
Big Jim,lorem ipsum,https://picsum.photos/seed/lop/300/300
Biquinho,lorem ipsum,https://picsum.photos/seed/lop/300/300
Bishop Crown,lorem ipsum,https://picsum.photos/seed/lop/300/300
Black Hungarian,lorem ipsum,https://picsum.photos/seed/lop/300/300
Bolivian Rainbow,lorem ipsum,https://picsum.photos/seed/lop/300/300
Brain Strain,lorem ipsum,https://picsum.photos/seed/lop/300/300
Carolina Reaper,lorem ipsum,https://picsum.photos/seed/lop/300/300
Cayenne,lorem ipsum,https://picsum.photos/seed/lop/300/300
Chile de Arbol,lorem ipsum,https://picsum.photos/seed/lop/300/300
Datil,lorem ipsum,https://picsum.photos/seed/lop/300/300
Death Spiral,lorem ipsum,https://picsum.photos/seed/lop/300/300
Devil's Tongue,lorem ipsum,https://picsum.photos/seed/lop/300/300
Dragon's Breath,lorem ipsum,https://picsum.photos/seed/lop/300/300
Fatilii,lorem ipsum,https://picsum.photos/seed/lop/300/300
Filius Blue,lorem ipsum,https://picsum.photos/seed/lop/300/300
Fish,lorem ipsum,https://picsum.photos/seed/lop/300/300
Fresno,lorem ipsum,https://picsum.photos/seed/lop/300/300
Goat Horn,lorem ipsum,https://picsum.photos/seed/lop/300/300
Habanero Chocolate,lorem ipsum,https://picsum.photos/seed/lop/300/300
Habanero Orange,lorem ipsum,https://picsum.photos/seed/lop/300/300
Habanero White Peruvian Lightning,lorem ipsum,https://picsum.photos/seed/lop/300/300
Hatch,lorem ipsum,https://picsum.photos/seed/lop/300/300
Hot Red Cherry,lorem ipsum,https://picsum.photos/seed/lop/300/300
Jalapeno,lorem ipsum,https://picsum.photos/seed/lop/300/300
Jimmy Nardello,lorem ipsum,https://picsum.photos/seed/lop/300/300
Komodo Dragon,lorem ipsum,https://picsum.photos/seed/lop/300/300
Korean Dark Green,lorem ipsum,https://picsum.photos/seed/lop/300/300
Mad Hatter,lorem ipsum,https://picsum.photos/seed/lop/300/300
Paprika,lorem ipsum,https://picsum.photos/seed/lop/300/300
Pepperoncini,lorem ipsum,https://picsum.photos/seed/lop/300/300
Pequin,lorem ipsum,https://picsum.photos/seed/lop/300/300
Puma,lorem ipsum,https://picsum.photos/seed/lop/300/300
Red Savina,lorem ipsum,https://picsum.photos/seed/lop/300/300
Scotch Bonnet,lorem ipsum,https://picsum.photos/seed/lop/300/300
Serrano,lorem ipsum,https://picsum.photos/seed/lop/300/300
Shishito,lorem ipsum,https://picsum.photos/seed/lop/300/300
Sriracha,lorem ipsum,https://picsum.photos/seed/lop/300/300
Sugar Rush Peach,lorem ipsum,https://picsum.photos/seed/lop/300/300
Tabasco,lorem ipsum,https://picsum.photos/seed/lop/300/300
Tepin,lorem ipsum,https://picsum.photos/seed/lop/300/300
Thai Dragon,lorem ipsum,https://picsum.photos/seed/lop/300/300
Tombstone Ghost,lorem ipsum,https://picsum.photos/seed/lop/300/300
Trinidad Moruga Scorpion,lorem ipsum,https://picsum.photos/seed/lop/300/300
Trinidad Seven Pot,lorem ipsum,https://picsum.photos/seed/lop/300/300
Witcwh Stick,lorem ipsum,https://picsum.photos/seed/lop/300/300
Fasd Stick,lorem ipsum,https://picsum.photos/seed/lop/300/300
Fsd Stick,lorem ipsum,https://picsum.photos/seed/lop/300/300
Serraxno,lorem ipsum,https://picsum.photos/seed/lop/300/300
Shixshito,lorem ipsum,https://picsum.photos/seed/lop/300/300
Sridracha,lorem ipsum,https://picsum.photos/seed/lop/300/300
Suegar Rush Peach,lorem ipsum,https://picsum.photos/seed/lop/300/300
Tabwasco,lorem ipsum,https://picsum.photos/seed/lop/300/300
Tepein,lorem ipsum,https://picsum.photos/seed/lop/300/300
Thrai Dragon,lorem ipsum,https://picsum.photos/seed/lop/300/300
Tombsrtone Ghost,lorem ipsum,https://picsum.photos/seed/lop/300/300
Trinaidad Moruga Scorpion,lorem ipsum,https://picsum.photos/seed/lop/300/300
Trinqidad Seven Pot,lorem ipsum,https://picsum.photos/seed/lop/300/300
Witcwzh Stick,lorem ipsum,https://picsum.photos/seed/lop/300/300
Fazsd Stick,lorem ipsum,https://picsum.photos/seed/lop/300/300
